GO_ID,GO_Description,GO_Category,Ontology,Suggested_Category,Final_Category,Notes,Final_Category_Split,Final_Category_Full_Split
GO:0004645,"1,4-alpha-oligoglucan phosphorylase activity",molecular_function,MF,REVIEW,Metabolism,NA,Metabolism,Biosynthesis
GO:0046905,15-cis-phytoene synthase activity,molecular_function,MF,REVIEW,Metabolism,NA,Metabolism,Biosynthesis
GO:0051537,"2 iron, 2 sulfur cluster binding",molecular_function,MF,REVIEW,Metabolism,NA,Metabolism,Biosynthesis
GO:0047254,"2,4-dihydroxy-7-methoxy-2H-1,4-benzoxazin-3(4H)-one 2-D-glucosyltransferase activity",molecular_function,MF,REVIEW,Metabolism,NA,Metabolism,Biosynthesis
GO:0033707,3''-deamino-3''-oxonicotianamine reductase activity,molecular_function,MF,REVIEW,Metabolism,NA,Metabolism,Biosynthesis
GO:0008442,3-hydroxyisobutyrate dehydrogenase activity,molecular_function,MF,REVIEW,Metabolism,NA,Metabolism,Biosynthesis
GO:0004134,4-alpha-glucanotransferase activity,molecular_function,MF,REVIEW,Metabolism,NA,Metabolism,Biosynthesis
GO:0043139,5'-3' DNA helicase activity,molecular_function,MF,REVIEW,Metabolism,NA,Metabolism,Biosynthesis
GO:0008409,5'-3' exonuclease activity,molecular_function,MF,REVIEW,Metabolism,NA,Metabolism,Biosynthesis
GO:0015217,ADP transmembrane transporter activity,molecular_function,MF,REVIEW,Metabolism,NA,Metabolism,Biosynthesis
GO:0004176,ATP-dependent peptidase activity,molecular_function,MF,REVIEW,Metabolism,NA,Metabolism,Biosynthesis
GO:0080120,CAAX-box protein maturation,biological_process,BP,REVIEW,Metabolism,NA,Metabolism,Biosynthesis
GO:0005537,D-mannose binding,molecular_function,MF,REVIEW,Metabolism,NA,Metabolism,Biosynthesis
GO:0019150,D-ribulokinase activity,molecular_function,MF,REVIEW,Metabolism,NA,Metabolism,Biosynthesis
GO:0006259,DNA metabolic process,biological_process,BP,Metabolism,Metabolism,NA,Metabolism,Biosynthesis
GO:0033567,"DNA replication, Okazaki fragment processing",biological_process,BP,REVIEW,Metabolism,NA,Metabolism,Biosynthesis
GO:0003918,"DNA topoisomerase type II (double strand cut, ATP-hydrolyzing) activity",molecular_function,MF,REVIEW,Metabolism,NA,Metabolism,Biosynthesis
GO:0006352,DNA-templated transcription initiation,biological_process,BP,Growth,Metabolism,NA,Metabolism,Biosynthesis
GO:0006353,DNA-templated transcription termination,biological_process,BP,Growth,Metabolism,NA,Metabolism,Biosynthesis
GO:0071949,FAD binding,molecular_function,MF,REVIEW,Metabolism,NA,Metabolism,Biosynthesis
GO:0010181,FMN binding,molecular_function,MF,REVIEW,Metabolism,NA,Metabolism,Biosynthesis
GO:0019863,IgE binding,molecular_function,MF,REVIEW,Metabolism,NA,Metabolism,Biosynthesis
GO:0019853,L-ascorbic acid biosynthetic process,biological_process,BP,Metabolism,Metabolism,NA,Metabolism,Biosynthesis
GO:0052656,L-isoleucine-2-oxoglutarate transaminase activity,molecular_function,MF,REVIEW,Metabolism,NA,Metabolism,Biosynthesis
GO:0052654,L-leucine-2-oxoglutarate transaminase activity,molecular_function,MF,REVIEW,Metabolism,NA,Metabolism,Biosynthesis
GO:0006559,L-phenylalanine catabolic process,biological_process,BP,Metabolism,Metabolism,NA,Metabolism,Biosynthesis
GO:0052655,L-valine-2-oxoglutarate transaminase activity,molecular_function,MF,REVIEW,Metabolism,NA,Metabolism,Biosynthesis
GO:0004499,"N,N-dimethylaniline monooxygenase activity",molecular_function,MF,REVIEW,Metabolism,NA,Metabolism,Biosynthesis
GO:0008080,N-acetyltransferase activity,molecular_function,MF,REVIEW,Metabolism,NA,Metabolism,Biosynthesis
GO:0003955,NAD(P)H dehydrogenase (quinone) activity,molecular_function,MF,REVIEW,Metabolism,NA,Metabolism,Biosynthesis
GO:0010598,NAD(P)H dehydrogenase complex (plastoquinone),cellular_component,CC,REVIEW,Metabolism,NA,Metabolism,Biosynthesis
GO:0050661,NADP binding,molecular_function,MF,REVIEW,Metabolism,NA,Metabolism,Biosynthesis
GO:0008171,O-methyltransferase activity,molecular_function,MF,REVIEW,Metabolism,NA,Metabolism,Biosynthesis
GO:0016070,RNA metabolic process,biological_process,BP,Metabolism,Metabolism,NA,Metabolism,Biosynthesis
GO:0001510,RNA methylation,biological_process,BP,REVIEW,Metabolism,NA,Metabolism,Biosynthesis
GO:0008173,RNA methyltransferase activity,molecular_function,MF,REVIEW,Metabolism,NA,Metabolism,Biosynthesis
GO:0004540,RNA nuclease activity,molecular_function,MF,REVIEW,Metabolism,NA,Metabolism,Biosynthesis
GO:0000375,"RNA splicing, via transesterification reactions",biological_process,BP,REVIEW,Growth,NA,Growth,Growth
GO:0008757,S-adenosylmethionine-dependent methyltransferase activity,molecular_function,MF,REVIEW,Metabolism,NA,Metabolism,Biosynthesis
GO:0006614,SRP-dependent cotranslational protein targeting to membrane,biological_process,BP,Growth,Growth,NA,Growth,Growth
GO:0035251,UDP-glucosyltransferase activity,molecular_function,MF,REVIEW,Metabolism,NA,Metabolism,Biosynthesis
GO:0004314,[acyl-carrier-protein] S-malonyltransferase activity,molecular_function,MF,REVIEW,Metabolism,NA,Metabolism,Biosynthesis
GO:0009738,abscisic acid-activated signaling pathway,biological_process,BP,REVIEW,Metabolism,NA,Metabolism,Biosynthesis
GO:0003991,acetylglutamate kinase activity,molecular_function,MF,REVIEW,Metabolism,NA,Metabolism,Biosynthesis
GO:0003995,acyl-CoA dehydrogenase activity,molecular_function,MF,REVIEW,Metabolism,NA,Metabolism,Biosynthesis
GO:0003999,adenine phosphoribosyltransferase activity,molecular_function,MF,REVIEW,Metabolism,NA,Metabolism,Biosynthesis
GO:0006168,adenine salvage,biological_process,BP,REVIEW,Metabolism,NA,Metabolism,Biosynthesis
GO:0048830,adventitious root development,biological_process,BP,Growth,Growth,NA,Growth,Growth
GO:0006081,aldehyde metabolic process,biological_process,BP,Metabolism,Metabolism,NA,Metabolism,Biosynthesis
GO:0009820,alkaloid metabolic process,biological_process,BP,Metabolism,Defense,NA,Secondary Metabolites,Secondary Metabolites
GO:0004373,"alpha-1,4-glucan glucosyltransferase (UDP-glucose donor) activity",molecular_function,MF,REVIEW,Metabolism,NA,Metabolism,Biosynthesis
GO:0008652,amino acid biosynthetic process,biological_process,BP,Metabolism,Metabolism,NA,Metabolism,Biosynthesis
GO:0009063,amino acid catabolic process,biological_process,BP,Metabolism,Metabolism,NA,Metabolism,Biosynthesis
GO:0006520,amino acid metabolic process,biological_process,BP,Metabolism,Metabolism,NA,Metabolism,Biosynthesis
GO:0003333,amino acid transmembrane transport,biological_process,BP,Metabolism,Metabolism,NA,Metabolism,Biosynthesis
GO:0015171,amino acid transmembrane transporter activity,molecular_function,MF,Metabolism,Metabolism,NA,Metabolism,Biosynthesis
GO:0006865,amino acid transport,biological_process,BP,Metabolism,Metabolism,NA,Metabolism,Biosynthesis
GO:0004047,aminomethyltransferase activity,molecular_function,MF,REVIEW,Metabolism,NA,Metabolism,Biosynthesis
GO:0016841,ammonia-lyase activity,molecular_function,MF,REVIEW,Metabolism,NA,Metabolism,Biosynthesis
GO:0072488,ammonium transmembrane transport,biological_process,BP,REVIEW,Metabolism,NA,Metabolism,Biosynthesis
GO:0009501,amyloplast,cellular_component,CC,REVIEW,Metabolism,NA,Metabolism,Biosynthesis
GO:0004048,anthranilate phosphoribosyltransferase activity,molecular_function,MF,REVIEW,Metabolism,NA,Metabolism,Biosynthesis
GO:0004049,anthranilate synthase activity,molecular_function,MF,REVIEW,Metabolism,NA,Metabolism,Biosynthesis
GO:0016209,antioxidant activity,molecular_function,MF,Defense,Defense,NA,Stress Response,Stress Response
GO:0015297,antiporter activity,molecular_function,MF,REVIEW,Metabolism,NA,Metabolism,Biosynthesis
GO:0004059,aralkylamine N-acetyltransferase activity,molecular_function,MF,REVIEW,Metabolism,NA,Metabolism,Biosynthesis
GO:0004053,arginase activity,molecular_function,MF,REVIEW,Metabolism,NA,Metabolism,Biosynthesis
GO:0006525,arginine metabolic process,biological_process,BP,Metabolism,Metabolism,NA,Metabolism,Biosynthesis
GO:0009073,aromatic amino acid family biosynthetic process,biological_process,BP,Metabolism,Metabolism,NA,Metabolism,Biosynthesis
GO:0004190,aspartic-type endopeptidase activity,molecular_function,MF,REVIEW,Metabolism,NA,Metabolism,Biosynthesis
GO:0009734,auxin-activated signaling pathway,biological_process,BP,REVIEW,Metabolism,NA,Metabolism,Biosynthesis
GO:0033907,beta-D-fucosidase activity,molecular_function,MF,REVIEW,Metabolism,NA,Metabolism,Biosynthesis
GO:0004564,beta-fructofuranosidase activity,molecular_function,MF,REVIEW,Metabolism,NA,Metabolism,Biosynthesis
GO:0008422,beta-glucosidase activity,molecular_function,MF,REVIEW,Metabolism,NA,Metabolism,Biosynthesis
GO:0000493,box H/ACA snoRNP assembly,biological_process,BP,REVIEW,Metabolism,NA,Metabolism,Biosynthesis
GO:0009081,branched-chain amino acid metabolic process,biological_process,BP,Metabolism,Metabolism,NA,Metabolism,Biosynthesis
GO:0004084,branched-chain-amino-acid transaminase activity,molecular_function,MF,REVIEW,Metabolism,NA,Metabolism,Biosynthesis
GO:0010268,brassinosteroid homeostasis,biological_process,BP,REVIEW,Metabolism,NA,Metabolism,Biosynthesis
GO:1901137,carbohydrate derivative biosynthetic process,biological_process,BP,Metabolism,Metabolism,NA,Metabolism,Biosynthesis
GO:0015144,carbohydrate transmembrane transporter activity,molecular_function,MF,Metabolism,Metabolism,NA,Metabolism,Biosynthesis
GO:0015977,carbon fixation,biological_process,BP,REVIEW,Metabolism,NA,Metabolism,Biosynthesis
GO:0016830,carbon-carbon lyase activity,molecular_function,MF,REVIEW,Metabolism,NA,Metabolism,Biosynthesis
GO:0016884,"carbon-nitrogen ligase activity, with glutamine as amido-N-donor",molecular_function,MF,REVIEW,Metabolism,NA,Metabolism,Biosynthesis
GO:0004089,carbonate dehydratase activity,molecular_function,MF,REVIEW,Metabolism,NA,Metabolism,Biosynthesis
GO:0016831,carboxy-lyase activity,molecular_function,MF,REVIEW,Metabolism,NA,Metabolism,Biosynthesis
GO:0046395,carboxylic acid catabolic process,biological_process,BP,Metabolism,Metabolism,NA,Metabolism,Biosynthesis
GO:0019752,carboxylic acid metabolic process,biological_process,BP,Metabolism,Metabolism,NA,Metabolism,Biosynthesis
GO:1905039,carboxylic acid transmembrane transport,biological_process,BP,REVIEW,Metabolism,NA,Metabolism,Biosynthesis
GO:0046943,carboxylic acid transmembrane transporter activity,molecular_function,MF,REVIEW,Metabolism,NA,Metabolism,Biosynthesis
GO:0016120,carotene biosynthetic process,biological_process,BP,Metabolism,Metabolism,NA,Metabolism,Biosynthesis
GO:0016117,carotenoid biosynthetic process,biological_process,BP,Metabolism,Metabolism,NA,Metabolism,Biosynthesis
GO:0016116,carotenoid metabolic process,biological_process,BP,Metabolism,Metabolism,NA,Metabolism,Biosynthesis
GO:0005618,cell wall,cellular_component,CC,REVIEW,Defense,NA,Secondary Metabolites,Secondary Metabolites
GO:0042546,cell wall biogenesis,biological_process,BP,REVIEW,Defense,NA,Secondary Metabolites,Secondary Metabolites
GO:0016998,cell wall macromolecule catabolic process,biological_process,BP,Metabolism,Defense,NA,Secondary Metabolites,Secondary Metabolites
GO:0071277,cellular response to calcium ion,biological_process,BP,REVIEW,Metabolism,NA,Metabolism,Biosynthesis
GO:0071398,cellular response to fatty acid,biological_process,BP,REVIEW,Metabolism,NA,Metabolism,Biosynthesis
GO:0034599,cellular response to oxidative stress,biological_process,BP,Defense,Defense,NA,Stress Response,Stress Response
GO:0030244,cellulose biosynthetic process,biological_process,BP,Metabolism,Metabolism,NA,Metabolism,Biosynthesis
GO:0016760,cellulose synthase (UDP-forming) activity,molecular_function,MF,REVIEW,Metabolism,NA,Metabolism,Biosynthesis
GO:0016759,cellulose synthase activity,molecular_function,MF,REVIEW,Metabolism,NA,Metabolism,Biosynthesis
GO:0008061,chitin binding,molecular_function,MF,Defense,Defense,NA,Secondary Metabolites,Secondary Metabolites
GO:0006032,chitin catabolic process,biological_process,BP,Defense,Defense,NA,Secondary Metabolites,Secondary Metabolites
GO:0004568,chitinase activity,molecular_function,MF,Defense,Defense,NA,Secondary Metabolites,Secondary Metabolites
GO:0015995,chlorophyll biosynthetic process,biological_process,BP,Metabolism,Metabolism,NA,Metabolism,Photosynthesis
GO:0046408,chlorophyll synthetase activity,molecular_function,MF,Metabolism,Metabolism,NA,Metabolism,Photosynthesis
GO:0019750,chloroplast localization,biological_process,BP,Metabolism,Metabolism,NA,Metabolism,Photosynthesis
GO:0010239,chloroplast mRNA processing,biological_process,BP,Metabolism,Metabolism,NA,Metabolism,Photosynthesis
GO:0031969,chloroplast membrane,cellular_component,CC,Metabolism,Metabolism,NA,Metabolism,Photosynthesis
GO:0009658,chloroplast organization,biological_process,BP,Metabolism,Metabolism,NA,Metabolism,Photosynthesis
GO:1901259,chloroplast rRNA processing,biological_process,BP,Metabolism,Metabolism,NA,Metabolism,Photosynthesis
GO:0098807,chloroplast thylakoid membrane protein complex,cellular_component,CC,Metabolism,Metabolism,NA,Metabolism,Photosynthesis
GO:0008203,cholesterol metabolic process,biological_process,BP,Metabolism,Metabolism,NA,Metabolism,Biosynthesis
GO:0050502,cis-zeatin O-beta-D-glucosyltransferase activity,molecular_function,MF,REVIEW,Metabolism,NA,Metabolism,Biosynthesis
GO:0050897,cobalt ion binding,molecular_function,MF,REVIEW,Metabolism,NA,Metabolism,Biosynthesis
GO:0015936,coenzyme A metabolic process,biological_process,BP,Metabolism,Metabolism,NA,Metabolism,Biosynthesis
GO:0070938,contractile ring,cellular_component,CC,REVIEW,Metabolism,NA,Metabolism,Biosynthesis
GO:0005507,copper ion binding,molecular_function,MF,REVIEW,Metabolism,NA,Metabolism,Biosynthesis
GO:0035434,copper ion transmembrane transport,biological_process,BP,REVIEW,Metabolism,NA,Metabolism,Biosynthesis
GO:0005375,copper ion transmembrane transporter activity,molecular_function,MF,REVIEW,Metabolism,NA,Metabolism,Biosynthesis
GO:0006825,copper ion transport,biological_process,BP,REVIEW,Metabolism,NA,Metabolism,Biosynthesis
GO:0009439,cyanate metabolic process,biological_process,BP,Metabolism,Metabolism,NA,Metabolism,Biosynthesis
GO:0004112,cyclic-nucleotide phosphodiesterase activity,molecular_function,MF,REVIEW,Metabolism,NA,Metabolism,Biosynthesis
GO:0006534,cysteine metabolic process,biological_process,BP,Metabolism,Metabolism,NA,Metabolism,Biosynthesis
GO:0004126,cytidine deaminase activity,molecular_function,MF,REVIEW,Metabolism,NA,Metabolism,Biosynthesis
GO:0009691,cytokinin biosynthetic process,biological_process,BP,Metabolism,Metabolism,NA,Metabolism,Biosynthesis
GO:0019139,cytokinin dehydrogenase activity,molecular_function,MF,REVIEW,Metabolism,NA,Metabolism,Biosynthesis
GO:0009690,cytokinin metabolic process,biological_process,BP,Metabolism,Metabolism,NA,Metabolism,Biosynthesis
GO:0050832,defense response to fungus,biological_process,BP,Defense,Defense,NA,Stress Response,Stress Response
GO:0002229,defense response to oomycetes,biological_process,BP,Defense,Defense,NA,Stress Response,Stress Response
GO:0098542,defense response to other organism,biological_process,BP,Defense,Defense,NA,Stress Response,Stress Response
GO:0051606,detection of stimulus,biological_process,BP,REVIEW,Metabolism,NA,Metabolism,Biosynthesis
GO:0098754,detoxification,biological_process,BP,Defense,Defense,NA,Stress Response,Stress Response
GO:0019877,diaminopimelate biosynthetic process,biological_process,BP,Metabolism,Metabolism,NA,Metabolism,Biosynthesis
GO:0051213,dioxygenase activity,molecular_function,MF,REVIEW,Metabolism,NA,Metabolism,Biosynthesis
GO:0035442,dipeptide transmembrane transport,biological_process,BP,REVIEW,Metabolism,NA,Metabolism,Biosynthesis
GO:0071916,dipeptide transmembrane transporter activity,molecular_function,MF,REVIEW,Metabolism,NA,Metabolism,Biosynthesis
GO:0042938,dipeptide transport,biological_process,BP,REVIEW,Metabolism,NA,Metabolism,Biosynthesis
GO:0051502,diterpene phytoalexin biosynthetic process,biological_process,BP,Metabolism,Metabolism,NA,Metabolism,Biosynthesis
GO:0016102,diterpenoid biosynthetic process,biological_process,BP,Metabolism,Defense,NA,Secondary Metabolites,Secondary Metabolites
GO:0003690,double-stranded DNA binding,molecular_function,MF,REVIEW,Metabolism,NA,Metabolism,Biosynthesis
GO:0009055,electron transfer activity,molecular_function,MF,REVIEW,Metabolism,NA,Metabolism,Biosynthesis
GO:0022900,electron transport chain,biological_process,BP,REVIEW,Metabolism,NA,Metabolism,Biosynthesis
GO:0045158,"electron transporter, transferring electrons within cytochrome b6/f complex of photosystem II activity",molecular_function,MF,Metabolism,Metabolism,NA,Metabolism,Photosynthesis
GO:0010256,endomembrane system organization,biological_process,BP,REVIEW,Metabolism,NA,Metabolism,Biosynthesis
GO:0009368,endopeptidase Clp complex,cellular_component,CC,REVIEW,Metabolism,NA,Metabolism,Biosynthesis
GO:0004175,endopeptidase activity,molecular_function,MF,REVIEW,Metabolism,NA,Metabolism,Biosynthesis
GO:0051777,ent-kaurenoic acid monooxygenase activity,molecular_function,MF,REVIEW,Metabolism,NA,Metabolism,Biosynthesis
GO:0009693,ethylene biosynthetic process,biological_process,BP,Metabolism,Defense,NA,Stress Response,Stress Response
GO:0031012,extracellular matrix,cellular_component,CC,REVIEW,Metabolism,NA,Metabolism,Biosynthesis
GO:0019898,extrinsic component of membrane,cellular_component,CC,REVIEW,Metabolism,NA,Metabolism,Biosynthesis
GO:0004311,farnesyltranstransferase activity,molecular_function,MF,REVIEW,Metabolism,NA,Metabolism,Biosynthesis
GO:0006635,fatty acid beta-oxidation,biological_process,BP,REVIEW,Metabolism,NA,Metabolism,Biosynthesis
GO:0006633,fatty acid biosynthetic process,biological_process,BP,Metabolism,Metabolism,NA,Metabolism,Biosynthesis
GO:0006631,fatty acid metabolic process,biological_process,BP,Metabolism,Metabolism,NA,Metabolism,Biosynthesis
GO:0000293,ferric-chelate reductase activity,molecular_function,MF,REVIEW,Metabolism,NA,Metabolism,Biosynthesis
GO:0009813,flavonoid biosynthetic process,biological_process,BP,Metabolism,Defense,NA,Secondary Metabolites,Secondary Metabolites
GO:0010227,floral organ abscission,biological_process,BP,REVIEW,Metabolism,NA,Metabolism,Biosynthesis
GO:0030388,"fructose 1,6-bisphosphate metabolic process",biological_process,BP,Metabolism,Metabolism,NA,Metabolism,Biosynthesis
GO:0004332,fructose-bisphosphate aldolase activity,molecular_function,MF,REVIEW,Metabolism,NA,Metabolism,Biosynthesis
GO:0006012,galactose metabolic process,biological_process,BP,Metabolism,Metabolism,NA,Metabolism,Biosynthesis
GO:0008378,galactosyltransferase activity,molecular_function,MF,REVIEW,Metabolism,NA,Metabolism,Biosynthesis
GO:0009686,gibberellin biosynthetic process,biological_process,BP,Metabolism,Metabolism,NA,Metabolism,Biosynthesis
GO:0042973,"glucan endo-1,3-beta-D-glucosidase activity",molecular_function,MF,REVIEW,Defense,NA,Stress Response,Stress Response
GO:0044042,glucan metabolic process,biological_process,BP,Metabolism,Metabolism,NA,Metabolism,Biosynthesis
GO:0006006,glucose metabolic process,biological_process,BP,Metabolism,Metabolism,NA,Metabolism,Biosynthesis
GO:0046527,glucosyltransferase activity,molecular_function,MF,REVIEW,Metabolism,NA,Metabolism,Biosynthesis
GO:0009064,glutamine family amino acid metabolic process,biological_process,BP,Metabolism,Metabolism,NA,Metabolism,Biosynthesis
GO:0050567,glutaminyl-tRNA synthase (glutamine-hydrolyzing) activity,molecular_function,MF,REVIEW,Metabolism,NA,Metabolism,Biosynthesis
GO:0070681,glutaminyl-tRNAGln biosynthesis via transamidation,biological_process,BP,REVIEW,Metabolism,NA,Metabolism,Biosynthesis
GO:0030956,glutamyl-tRNA(Gln) amidotransferase complex,cellular_component,CC,REVIEW,Metabolism,NA,Metabolism,Biosynthesis
GO:0006749,glutathione metabolic process,biological_process,BP,Defense,Defense,NA,Stress Response,Stress Response
GO:0004364,glutathione transferase activity,molecular_function,MF,Defense,Defense,NA,Stress Response,Stress Response
GO:0006546,glycine catabolic process,biological_process,BP,Metabolism,Metabolism,NA,Metabolism,Biosynthesis
GO:0005960,glycine cleavage complex,cellular_component,CC,REVIEW,Metabolism,NA,Metabolism,Biosynthesis
GO:0019464,glycine decarboxylation via glycine cleavage system,biological_process,BP,REVIEW,Metabolism,NA,Metabolism,Biosynthesis
GO:0004375,glycine dehydrogenase (decarboxylating) activity,molecular_function,MF,REVIEW,Metabolism,NA,Metabolism,Biosynthesis
GO:0006544,glycine metabolic process,biological_process,BP,Metabolism,Metabolism,NA,Metabolism,Biosynthesis
GO:0004820,glycine-tRNA ligase activity,molecular_function,MF,REVIEW,Metabolism,NA,Metabolism,Biosynthesis
GO:0005978,glycogen biosynthetic process,biological_process,BP,Metabolism,Metabolism,NA,Metabolism,Biosynthesis
GO:0005977,glycogen metabolic process,biological_process,BP,Metabolism,Metabolism,NA,Metabolism,Biosynthesis
GO:0008184,glycogen phosphorylase activity,molecular_function,MF,REVIEW,Metabolism,NA,Metabolism,Biosynthesis
GO:0006426,glycyl-tRNA aminoacylation,biological_process,BP,REVIEW,Metabolism,NA,Metabolism,Biosynthesis
GO:0006097,glyoxylate cycle,biological_process,BP,REVIEW,Metabolism,NA,Metabolism,Biosynthesis
GO:0090391,granum assembly,biological_process,BP,REVIEW,Metabolism,NA,Metabolism,Biosynthesis
GO:0006783,heme biosynthetic process,biological_process,BP,Metabolism,Metabolism,NA,Metabolism,Biosynthesis
GO:0016758,hexosyltransferase activity,molecular_function,MF,REVIEW,Metabolism,NA,Metabolism,Biosynthesis
GO:0016811,"hydrolase activity, acting on carbon-nitrogen (but not peptide) bonds, in linear amides",molecular_function,MF,REVIEW,Metabolism,NA,Metabolism,Biosynthesis
GO:0052716,hydroquinone:oxygen oxidoreductase activity,molecular_function,MF,REVIEW,Metabolism,NA,Metabolism,Biosynthesis
GO:0004420,hydroxymethylglutaryl-CoA reductase (NADPH) activity,molecular_function,MF,REVIEW,Metabolism,NA,Metabolism,Biosynthesis
GO:0042802,identical protein binding,molecular_function,MF,REVIEW,Metabolism,NA,Metabolism,Biosynthesis
GO:0004425,indole-3-glycerol-phosphate synthase activity,molecular_function,MF,REVIEW,Metabolism,NA,Metabolism,Biosynthesis
GO:0103075,indole-3-pyruvate monooxygenase activity,molecular_function,MF,REVIEW,Metabolism,NA,Metabolism,Biosynthesis
GO:0004239,initiator methionyl aminopeptidase activity,molecular_function,MF,REVIEW,Metabolism,NA,Metabolism,Biosynthesis
GO:0045087,innate immune response,biological_process,BP,Defense,Defense,NA,Stress Response,Stress Response
GO:0015698,inorganic anion transport,biological_process,BP,REVIEW,Metabolism,NA,Metabolism,Biosynthesis
GO:0004427,inorganic diphosphate phosphatase activity,molecular_function,MF,REVIEW,Metabolism,NA,Metabolism,Biosynthesis
GO:0047724,inosine nucleosidase activity,molecular_function,MF,REVIEW,Metabolism,NA,Metabolism,Biosynthesis
GO:0019310,inositol catabolic process,biological_process,BP,Metabolism,Metabolism,NA,Metabolism,Biosynthesis
GO:0050113,inositol oxygenase activity,molecular_function,MF,REVIEW,Metabolism,NA,Metabolism,Biosynthesis
GO:0006873,intracellular monoatomic ion homeostasis,biological_process,BP,REVIEW,Metabolism,NA,Metabolism,Biosynthesis
GO:0016872,intramolecular lyase activity,molecular_function,MF,REVIEW,Metabolism,NA,Metabolism,Biosynthesis
GO:0016860,intramolecular oxidoreductase activity,molecular_function,MF,REVIEW,Metabolism,NA,Metabolism,Biosynthesis
GO:0051536,iron-sulfur cluster binding,molecular_function,MF,REVIEW,Metabolism,NA,Metabolism,Biosynthesis
GO:0004451,isocitrate lyase activity,molecular_function,MF,REVIEW,Metabolism,NA,Metabolism,Biosynthesis
GO:0008299,isoprenoid biosynthetic process,biological_process,BP,Metabolism,Metabolism,NA,Metabolism,Biosynthesis
GO:0042180,ketone metabolic process,biological_process,BP,Metabolism,Metabolism,NA,Metabolism,Biosynthesis
GO:0031640,killing of cells of another organism,biological_process,BP,REVIEW,Defense,NA,Stress Response,Stress Response
GO:0140825,lactoperoxidase activity,molecular_function,MF,REVIEW,Metabolism,NA,Metabolism,Biosynthesis
GO:0006691,leukotriene metabolic process,biological_process,BP,Metabolism,Metabolism,NA,Metabolism,Biosynthesis
GO:0009809,lignin biosynthetic process,biological_process,BP,Defense,Defense,NA,Secondary Metabolites,Secondary Metabolites
GO:0046274,lignin catabolic process,biological_process,BP,Defense,Defense,NA,Secondary Metabolites,Secondary Metabolites
GO:0009808,lignin metabolic process,biological_process,BP,Defense,Defense,NA,Secondary Metabolites,Secondary Metabolites
GO:0016298,lipase activity,molecular_function,MF,REVIEW,Metabolism,NA,Metabolism,Biosynthesis
GO:0016042,lipid catabolic process,biological_process,BP,Metabolism,Metabolism,NA,Metabolism,Biosynthesis
GO:0034440,lipid oxidation,biological_process,BP,Metabolism,Metabolism,NA,Metabolism,Biosynthesis
GO:0005319,lipid transporter activity,molecular_function,MF,Metabolism,Metabolism,NA,Metabolism,Biosynthesis
GO:0009085,lysine biosynthetic process,biological_process,BP,Metabolism,Metabolism,NA,Metabolism,Biosynthesis
GO:0016851,magnesium chelatase activity,molecular_function,MF,REVIEW,Metabolism,NA,Metabolism,Biosynthesis
GO:0046406,magnesium protoporphyrin IX methyltransferase activity,molecular_function,MF,REVIEW,Metabolism,NA,Metabolism,Biosynthesis
GO:0048529,magnesium-protoporphyrin IX monomethyl ester (oxidative) cyclase activity,molecular_function,MF,Defense,Metabolism,NA,Metabolism,Biosynthesis
GO:0004474,malate synthase activity,molecular_function,MF,REVIEW,Metabolism,NA,Metabolism,Biosynthesis
GO:0071423,malate transmembrane transport,biological_process,BP,REVIEW,Metabolism,NA,Metabolism,Biosynthesis
GO:0015140,malate transmembrane transporter activity,molecular_function,MF,REVIEW,Metabolism,NA,Metabolism,Biosynthesis
GO:0007142,male meiosis II,biological_process,BP,REVIEW,Growth,NA,Growth,Growth
GO:0030145,manganese ion binding,molecular_function,MF,REVIEW,Metabolism,NA,Metabolism,Biosynthesis
GO:0030187,melatonin biosynthetic process,biological_process,BP,Metabolism,Metabolism,NA,Metabolism,Biosynthesis
GO:0009234,menaquinone biosynthetic process,biological_process,BP,Metabolism,Metabolism,NA,Metabolism,Biosynthesis
GO:0046873,metal ion transmembrane transporter activity,molecular_function,MF,REVIEW,Metabolism,NA,Metabolism,Biosynthesis
GO:0030001,metal ion transport,biological_process,BP,REVIEW,Metabolism,NA,Metabolism,Biosynthesis
GO:0030983,mismatched DNA binding,molecular_function,MF,REVIEW,Metabolism,NA,Metabolism,Biosynthesis
GO:0051560,mitochondrial calcium ion homeostasis,biological_process,BP,REVIEW,Defense,NA,Stress Response,Stress Response
GO:0072686,mitotic spindle,cellular_component,CC,REVIEW,Metabolism,NA,Metabolism,Biosynthesis
GO:0098656,monoatomic anion transmembrane transport,biological_process,BP,REVIEW,Metabolism,NA,Metabolism,Biosynthesis
GO:0006820,monoatomic anion transport,biological_process,BP,REVIEW,Metabolism,NA,Metabolism,Biosynthesis
GO:0015718,monocarboxylic acid transport,biological_process,BP,REVIEW,Metabolism,NA,Metabolism,Biosynthesis
GO:0015749,monosaccharide transmembrane transport,biological_process,BP,REVIEW,Metabolism,NA,Metabolism,Biosynthesis
GO:0015145,monosaccharide transmembrane transporter activity,molecular_function,MF,REVIEW,Metabolism,NA,Metabolism,Biosynthesis
GO:0045910,negative regulation of DNA recombination,biological_process,BP,REVIEW,Metabolism,NA,Metabolism,Biosynthesis
GO:1900366,negative regulation of defense response to insect,biological_process,BP,Defense,Defense,NA,Stress Response,Stress Response
GO:0048579,"negative regulation of long-day photoperiodism, flowering",biological_process,BP,Metabolism,Metabolism,NA,Metabolism,Photosynthesis
GO:0045841,negative regulation of mitotic metaphase/anaphase transition,biological_process,BP,REVIEW,Metabolism,NA,Metabolism,Biosynthesis
GO:1901001,negative regulation of response to salt stress,biological_process,BP,Defense,Defense,NA,Stress Response,Stress Response
GO:0033855,nicotianamine aminotransferase activity,molecular_function,MF,REVIEW,Metabolism,NA,Metabolism,Biosynthesis
GO:0015706,nitrate transmembrane transport,biological_process,BP,REVIEW,Metabolism,NA,Metabolism,Biosynthesis
GO:0015112,nitrate transmembrane transporter activity,molecular_function,MF,REVIEW,Metabolism,NA,Metabolism,Biosynthesis
GO:0006857,oligopeptide transport,biological_process,BP,REVIEW,Metabolism,NA,Metabolism,Biosynthesis
GO:0043226,organelle,cellular_component,CC,REVIEW,Metabolism,NA,Metabolism,Biosynthesis
GO:0006996,organelle organization,biological_process,BP,REVIEW,Growth,NA,Growth,Growth
GO:0015605,organophosphate ester transmembrane transporter activity,molecular_function,MF,REVIEW,Metabolism,NA,Metabolism,Biosynthesis
GO:0018131,oxazole or thiazole biosynthetic process,biological_process,BP,Metabolism,Metabolism,NA,Metabolism,Biosynthesis
GO:0016655,"oxidoreductase activity, acting on NAD(P)H, quinone or similar compound as acceptor",molecular_function,MF,REVIEW,Metabolism,NA,Metabolism,Biosynthesis
GO:0016709,"oxidoreductase activity, acting on paired donors, with incorporation or reduction of molecular oxygen, NAD(P)H as one donor, and incorporation of one atom of oxygen",molecular_function,MF,REVIEW,Metabolism,NA,Metabolism,Biosynthesis
GO:0016702,"oxidoreductase activity, acting on single donors with incorporation of molecular oxygen, incorporation of two atoms of oxygen",molecular_function,MF,REVIEW,Metabolism,NA,Metabolism,Biosynthesis
GO:0016627,"oxidoreductase activity, acting on the CH-CH group of donors",molecular_function,MF,REVIEW,Metabolism,NA,Metabolism,Biosynthesis
GO:0016628,"oxidoreductase activity, acting on the CH-CH group of donors, NAD or NADP as acceptor",molecular_function,MF,REVIEW,Metabolism,NA,Metabolism,Biosynthesis
GO:0016636,"oxidoreductase activity, acting on the CH-CH group of donors, iron-sulfur protein as acceptor",molecular_function,MF,REVIEW,Metabolism,NA,Metabolism,Biosynthesis
GO:0016639,"oxidoreductase activity, acting on the CH-NH2 group of donors, NAD or NADP as acceptor",molecular_function,MF,REVIEW,Metabolism,NA,Metabolism,Biosynthesis
GO:0016616,"oxidoreductase activity, acting on the CH-OH group of donors, NAD or NADP as acceptor",molecular_function,MF,REVIEW,Metabolism,NA,Metabolism,Biosynthesis
GO:0016620,"oxidoreductase activity, acting on the aldehyde or oxo group of donors, NAD or NADP as acceptor",molecular_function,MF,REVIEW,Metabolism,NA,Metabolism,Biosynthesis
GO:0010242,oxygen evolving activity,molecular_function,MF,REVIEW,Metabolism,NA,Metabolism,Biosynthesis
GO:0004729,oxygen-dependent protoporphyrinogen oxidase activity,molecular_function,MF,REVIEW,Metabolism,NA,Metabolism,Biosynthesis
GO:0031408,oxylipin biosynthetic process,biological_process,BP,Metabolism,Metabolism,NA,Metabolism,Biosynthesis
GO:0016763,pentosyltransferase activity,molecular_function,MF,REVIEW,Metabolism,NA,Metabolism,Biosynthesis
GO:0030414,peptidase inhibitor activity,molecular_function,MF,REVIEW,Metabolism,NA,Metabolism,Biosynthesis
GO:0003755,peptidyl-prolyl cis-trans isomerase activity,molecular_function,MF,REVIEW,Metabolism,NA,Metabolism,Biosynthesis
GO:0051920,peroxiredoxin activity,molecular_function,MF,REVIEW,Metabolism,NA,Metabolism,Biosynthesis
GO:0005778,peroxisomal membrane,cellular_component,CC,REVIEW,Metabolism,NA,Metabolism,Biosynthesis
GO:0046189,phenol-containing compound biosynthetic process,biological_process,BP,Metabolism,Metabolism,NA,Metabolism,Biosynthesis
GO:0009699,phenylpropanoid biosynthetic process,biological_process,BP,Defense,Defense,NA,Secondary Metabolites,Secondary Metabolites
GO:0009698,phenylpropanoid metabolic process,biological_process,BP,Defense,Defense,NA,Secondary Metabolites,Secondary Metabolites
GO:0006796,phosphate-containing compound metabolic process,biological_process,BP,Metabolism,Metabolism,NA,Metabolism,Biosynthesis
GO:0006656,phosphatidylcholine biosynthetic process,biological_process,BP,Metabolism,Metabolism,NA,Metabolism,Biosynthesis
GO:0004612,phosphoenolpyruvate carboxykinase (ATP) activity,molecular_function,MF,REVIEW,Metabolism,NA,Metabolism,Biosynthesis
GO:0004611,phosphoenolpyruvate carboxykinase activity,molecular_function,MF,REVIEW,Metabolism,NA,Metabolism,Biosynthesis
GO:0004617,phosphoglycerate dehydrogenase activity,molecular_function,MF,REVIEW,Metabolism,NA,Metabolism,Biosynthesis
GO:0042578,phosphoric ester hydrolase activity,molecular_function,MF,REVIEW,Metabolism,NA,Metabolism,Biosynthesis
GO:0009522,photosystem I,cellular_component,CC,Metabolism,Metabolism,NA,Metabolism,Photosynthesis
GO:0048564,photosystem I assembly,biological_process,BP,Metabolism,Metabolism,NA,Metabolism,Photosynthesis
GO:0009523,photosystem II,cellular_component,CC,Metabolism,Metabolism,NA,Metabolism,Photosynthesis
GO:0010207,photosystem II assembly,biological_process,BP,Metabolism,Metabolism,NA,Metabolism,Photosynthesis
GO:0010206,photosystem II repair,biological_process,BP,Metabolism,Metabolism,NA,Metabolism,Photosynthesis
GO:0046148,pigment biosynthetic process,biological_process,BP,Metabolism,Metabolism,NA,Metabolism,Biosynthesis
GO:0009505,plant-type cell wall,cellular_component,CC,REVIEW,Defense,NA,Secondary Metabolites,Secondary Metabolites
GO:0009832,plant-type cell wall biogenesis,biological_process,BP,REVIEW,Defense,NA,Secondary Metabolites,Secondary Metabolites
GO:0009828,plant-type cell wall loosening,biological_process,BP,REVIEW,Defense,NA,Secondary Metabolites,Secondary Metabolites
GO:0071669,plant-type cell wall organization or biogenesis,biological_process,BP,REVIEW,Defense,NA,Secondary Metabolites,Secondary Metabolites
GO:0009834,plant-type secondary cell wall biogenesis,biological_process,BP,REVIEW,Defense,NA,Secondary Metabolites,Secondary Metabolites
GO:0042793,plastid transcription,biological_process,BP,Metabolism,Metabolism,NA,Metabolism,Photosynthesis
GO:0010287,plastoglobule,cellular_component,CC,REVIEW,Metabolism,NA,Metabolism,Biosynthesis
GO:0008266,poly(U) RNA binding,molecular_function,MF,REVIEW,Metabolism,NA,Metabolism,Biosynthesis
GO:0006596,polyamine biosynthetic process,biological_process,BP,Metabolism,Metabolism,NA,Metabolism,Biosynthesis
GO:1902047,polyamine transmembrane transport,biological_process,BP,REVIEW,Metabolism,NA,Metabolism,Biosynthesis
GO:0015203,polyamine transmembrane transporter activity,molecular_function,MF,REVIEW,Metabolism,NA,Metabolism,Biosynthesis
GO:0004654,polyribonucleotide nucleotidyltransferase activity,molecular_function,MF,REVIEW,Metabolism,NA,Metabolism,Biosynthesis
GO:0000272,polysaccharide catabolic process,biological_process,BP,Metabolism,Metabolism,NA,Metabolism,Biosynthesis
GO:0006779,porphyrin-containing compound biosynthetic process,biological_process,BP,Metabolism,Metabolism,NA,Metabolism,Biosynthesis
GO:0046622,positive regulation of organ growth,biological_process,BP,Growth,Metabolism,NA,Metabolism,Biosynthesis
GO:1901671,positive regulation of superoxide dismutase activity,biological_process,BP,REVIEW,Defense,NA,Stress Response,Stress Response
GO:0009791,post-embryonic development,biological_process,BP,Growth,Growth,NA,Growth,Growth
GO:0010608,post-transcriptional regulation of gene expression,biological_process,BP,Growth,Metabolism,NA,Metabolism,Biosynthesis
GO:0015079,potassium ion transmembrane transporter activity,molecular_function,MF,REVIEW,Metabolism,NA,Metabolism,Biosynthesis
GO:0004659,prenyltransferase activity,molecular_function,MF,REVIEW,Metabolism,NA,Metabolism,Biosynthesis
GO:1901162,primary amino compound biosynthetic process,biological_process,BP,Metabolism,Metabolism,NA,Metabolism,Biosynthesis
GO:0044238,primary metabolic process,biological_process,BP,Metabolism,Metabolism,NA,Metabolism,Biosynthesis
GO:0006562,proline catabolic process,biological_process,BP,Metabolism,Metabolism,NA,Metabolism,Biosynthesis
GO:0004657,proline dehydrogenase activity,molecular_function,MF,REVIEW,Metabolism,NA,Metabolism,Biosynthesis
GO:0019904,protein domain specific binding,molecular_function,MF,REVIEW,Metabolism,NA,Metabolism,Biosynthesis
GO:0044183,protein folding chaperone,molecular_function,MF,REVIEW,Metabolism,NA,Metabolism,Biosynthesis
GO:0045038,protein import into chloroplast thylakoid membrane,biological_process,BP,Metabolism,Metabolism,NA,Metabolism,Photosynthesis
GO:0004864,protein phosphatase inhibitor activity,molecular_function,MF,REVIEW,Metabolism,NA,Metabolism,Biosynthesis
GO:0043953,protein transport by the Tat complex,biological_process,BP,REVIEW,Growth,NA,Growth,Growth
GO:0015035,protein-disulfide reductase activity,molecular_function,MF,REVIEW,Metabolism,NA,Metabolism,Biosynthesis
GO:0046933,"proton-transporting ATP synthase activity, rotational mechanism",molecular_function,MF,REVIEW,Metabolism,NA,Metabolism,Biosynthesis
GO:0006782,protoporphyrinogen IX biosynthetic process,biological_process,BP,Metabolism,Metabolism,NA,Metabolism,Biosynthesis
GO:0009982,pseudouridine synthase activity,molecular_function,MF,REVIEW,Metabolism,NA,Metabolism,Biosynthesis
GO:0001522,pseudouridine synthesis,biological_process,BP,REVIEW,Metabolism,NA,Metabolism,Biosynthesis
GO:1904823,purine nucleobase transmembrane transport,biological_process,BP,REVIEW,Metabolism,NA,Metabolism,Biosynthesis
GO:0005345,purine nucleobase transmembrane transporter activity,molecular_function,MF,REVIEW,Metabolism,NA,Metabolism,Biosynthesis
GO:0006863,purine nucleobase transport,biological_process,BP,REVIEW,Metabolism,NA,Metabolism,Biosynthesis
GO:0006152,purine nucleoside catabolic process,biological_process,BP,Metabolism,Metabolism,NA,Metabolism,Biosynthesis
GO:0015860,purine nucleoside transmembrane transport,biological_process,BP,REVIEW,Metabolism,NA,Metabolism,Biosynthesis
GO:0015211,purine nucleoside transmembrane transporter activity,molecular_function,MF,REVIEW,Metabolism,NA,Metabolism,Biosynthesis
GO:0017076,purine nucleotide binding,molecular_function,MF,REVIEW,Metabolism,NA,Metabolism,Biosynthesis
GO:0006166,purine ribonucleoside salvage,biological_process,BP,REVIEW,Metabolism,NA,Metabolism,Biosynthesis
GO:0030170,pyridoxal phosphate binding,molecular_function,MF,REVIEW,Metabolism,NA,Metabolism,Biosynthesis
GO:0080043,quercetin 3-O-glucosyltransferase activity,molecular_function,MF,REVIEW,Metabolism,NA,Metabolism,Biosynthesis
GO:0080044,quercetin 7-O-glucosyltransferase activity,molecular_function,MF,REVIEW,Metabolism,NA,Metabolism,Biosynthesis
GO:0048038,quinone binding,molecular_function,MF,REVIEW,Metabolism,NA,Metabolism,Biosynthesis
GO:0030598,rRNA N-glycosylase activity,molecular_function,MF,REVIEW,Metabolism,NA,Metabolism,Biosynthesis
GO:0019843,rRNA binding,molecular_function,MF,REVIEW,Metabolism,NA,Metabolism,Biosynthesis
GO:0031167,rRNA methylation,biological_process,BP,REVIEW,Metabolism,NA,Metabolism,Biosynthesis
GO:0008649,rRNA methyltransferase activity,molecular_function,MF,REVIEW,Metabolism,NA,Metabolism,Biosynthesis
GO:0006364,rRNA processing,biological_process,BP,Growth,Growth,NA,Growth,Growth
GO:0016854,racemase and epimerase activity,molecular_function,MF,REVIEW,Metabolism,NA,Metabolism,Biosynthesis
GO:0016855,"racemase and epimerase activity, acting on amino acids and derivatives",molecular_function,MF,Metabolism,Metabolism,NA,Metabolism,Biosynthesis
GO:0019253,reductive pentose-phosphate cycle,biological_process,BP,REVIEW,Metabolism,NA,Metabolism,Biosynthesis
GO:2000142,regulation of DNA-templated transcription initiation,biological_process,BP,Growth,Metabolism,NA,Metabolism,Biosynthesis
GO:0010115,regulation of abscisic acid biosynthetic process,biological_process,BP,Metabolism,Metabolism,NA,Metabolism,Biosynthesis
GO:0080143,regulation of amino acid export,biological_process,BP,Metabolism,Metabolism,NA,Metabolism,Biosynthesis
GO:0000079,regulation of cyclin-dependent protein serine/threonine kinase activity,biological_process,BP,REVIEW,Metabolism,NA,Metabolism,Biosynthesis
GO:0080036,regulation of cytokinin-activated signaling pathway,biological_process,BP,REVIEW,Metabolism,NA,Metabolism,Biosynthesis
GO:0031347,regulation of defense response,biological_process,BP,Defense,Defense,NA,Stress Response,Stress Response
GO:1900150,regulation of defense response to fungus,biological_process,BP,Defense,Defense,NA,Stress Response,Stress Response
GO:2000022,regulation of jasmonic acid mediated signaling pathway,biological_process,BP,Defense,Defense,NA,Stress Response,Stress Response
GO:0010075,regulation of meristem growth,biological_process,BP,Growth,Metabolism,NA,Metabolism,Biosynthesis
GO:0051513,regulation of monopolar cell growth,biological_process,BP,Growth,Metabolism,NA,Metabolism,Biosynthesis
GO:0044375,regulation of peroxisome size,biological_process,BP,REVIEW,Metabolism,NA,Metabolism,Biosynthesis
GO:0042548,"regulation of photosynthesis, light reaction",biological_process,BP,Metabolism,Metabolism,NA,Metabolism,Photosynthesis
GO:0090333,regulation of stomatal closure,biological_process,BP,REVIEW,Metabolism,NA,Metabolism,Biosynthesis
GO:0010112,regulation of systemic acquired resistance,biological_process,BP,REVIEW,Metabolism,NA,Metabolism,Biosynthesis
GO:0019430,removal of superoxide radicals,biological_process,BP,REVIEW,Defense,NA,Stress Response,Stress Response
GO:0033591,response to L-ascorbic acid,biological_process,BP,REVIEW,Metabolism,NA,Metabolism,Biosynthesis
GO:0046686,response to cadmium ion,biological_process,BP,REVIEW,Metabolism,NA,Metabolism,Biosynthesis
GO:0009739,response to gibberellin,biological_process,BP,REVIEW,Metabolism,NA,Metabolism,Biosynthesis
GO:1990641,response to iron ion starvation,biological_process,BP,REVIEW,Metabolism,NA,Metabolism,Biosynthesis
GO:0009753,response to jasmonic acid,biological_process,BP,Defense,Defense,NA,Stress Response,Stress Response
GO:0009416,response to light stimulus,biological_process,BP,REVIEW,Metabolism,NA,Metabolism,Biosynthesis
GO:0010167,response to nitrate,biological_process,BP,REVIEW,Metabolism,NA,Metabolism,Biosynthesis
GO:0006950,response to stress,biological_process,BP,Defense,Defense,NA,Stress Response,Stress Response
GO:0009744,response to sucrose,biological_process,BP,REVIEW,Metabolism,NA,Metabolism,Biosynthesis
GO:0009611,response to wounding,biological_process,BP,Defense,Defense,NA,Stress Response,Stress Response
GO:0033897,ribonuclease T2 activity,molecular_function,MF,REVIEW,Metabolism,NA,Metabolism,Biosynthesis
GO:0022613,ribonucleoprotein complex biogenesis,biological_process,BP,REVIEW,Metabolism,NA,Metabolism,Biosynthesis
GO:0042454,ribonucleoside catabolic process,biological_process,BP,Metabolism,Metabolism,NA,Metabolism,Biosynthesis
GO:0110102,ribulose bisphosphate carboxylase complex assembly,biological_process,BP,REVIEW,Metabolism,NA,Metabolism,Biosynthesis
GO:0046863,"ribulose-1,5-bisphosphate carboxylase/oxygenase activator activity",molecular_function,MF,REVIEW,Metabolism,NA,Metabolism,Biosynthesis
GO:0016984,ribulose-bisphosphate carboxylase activity,molecular_function,MF,REVIEW,Metabolism,NA,Metabolism,Biosynthesis
GO:0008430,selenium binding,molecular_function,MF,REVIEW,Metabolism,NA,Metabolism,Biosynthesis
GO:0004867,serine-type endopeptidase inhibitor activity,molecular_function,MF,REVIEW,Metabolism,NA,Metabolism,Biosynthesis
GO:0070008,serine-type exopeptidase activity,molecular_function,MF,REVIEW,Metabolism,NA,Metabolism,Biosynthesis
GO:0008236,serine-type peptidase activity,molecular_function,MF,REVIEW,Metabolism,NA,Metabolism,Biosynthesis
GO:0019953,sexual reproduction,biological_process,BP,Growth,Growth,NA,Growth,Growth
GO:0004765,shikimate kinase activity,molecular_function,MF,REVIEW,Metabolism,NA,Metabolism,Biosynthesis
GO:0019632,shikimate metabolic process,biological_process,BP,Metabolism,Metabolism,NA,Metabolism,Biosynthesis
GO:0098552,side of membrane,cellular_component,CC,REVIEW,Metabolism,NA,Metabolism,Biosynthesis
GO:0019290,siderophore biosynthetic process,biological_process,BP,Metabolism,Metabolism,NA,Metabolism,Biosynthesis
GO:0016987,sigma factor activity,molecular_function,MF,REVIEW,Metabolism,NA,Metabolism,Biosynthesis
GO:0048500,signal recognition particle,cellular_component,CC,REVIEW,Metabolism,NA,Metabolism,Biosynthesis
GO:0038023,signaling receptor activity,molecular_function,MF,REVIEW,Defense,NA,Stress Response,Stress Response
GO:0003697,single-stranded DNA binding,molecular_function,MF,REVIEW,Metabolism,NA,Metabolism,Biosynthesis
GO:0000014,single-stranded DNA endodeoxyribonuclease activity,molecular_function,MF,REVIEW,Metabolism,NA,Metabolism,Biosynthesis
GO:0036094,small molecule binding,molecular_function,MF,REVIEW,Metabolism,NA,Metabolism,Biosynthesis
GO:0044281,small molecule metabolic process,biological_process,BP,Metabolism,Metabolism,NA,Metabolism,Biosynthesis
GO:0005452,solute:inorganic anion antiporter activity,molecular_function,MF,REVIEW,Metabolism,NA,Metabolism,Biosynthesis
GO:0051996,squalene synthase [NAD(P)H] activity,molecular_function,MF,REVIEW,Metabolism,NA,Metabolism,Biosynthesis
GO:2001070,starch binding,molecular_function,MF,REVIEW,Metabolism,NA,Metabolism,Biosynthesis
GO:0019252,starch biosynthetic process,biological_process,BP,Metabolism,Metabolism,NA,Metabolism,Biosynthesis
GO:0006694,steroid biosynthetic process,biological_process,BP,Metabolism,Metabolism,NA,Metabolism,Biosynthesis
GO:0016126,sterol biosynthetic process,biological_process,BP,Metabolism,Metabolism,NA,Metabolism,Biosynthesis
GO:0005985,sucrose metabolic process,biological_process,BP,Metabolism,Metabolism,NA,Metabolism,Biosynthesis
GO:0051119,sugar transmembrane transporter activity,molecular_function,MF,REVIEW,Metabolism,NA,Metabolism,Biosynthesis
GO:0044272,sulfur compound biosynthetic process,biological_process,BP,Metabolism,Metabolism,NA,Metabolism,Biosynthesis
GO:0004784,superoxide dismutase activity,molecular_function,MF,REVIEW,Defense,NA,Stress Response,Stress Response
GO:0006801,superoxide metabolic process,biological_process,BP,Metabolism,Defense,NA,Stress Response,Stress Response
GO:0015293,symporter activity,molecular_function,MF,REVIEW,Metabolism,NA,Metabolism,Biosynthesis
GO:0010333,terpene synthase activity,molecular_function,MF,REVIEW,Metabolism,NA,Metabolism,Biosynthesis
GO:0016114,terpenoid biosynthetic process,biological_process,BP,Metabolism,Defense,NA,Secondary Metabolites,Secondary Metabolites
GO:0033014,tetrapyrrole biosynthetic process,biological_process,BP,Metabolism,Metabolism,NA,Metabolism,Biosynthesis
GO:0009228,thiamine biosynthetic process,biological_process,BP,Metabolism,Metabolism,NA,Metabolism,Biosynthesis
GO:0052837,thiazole biosynthetic process,biological_process,BP,Metabolism,Metabolism,NA,Metabolism,Biosynthesis
GO:0008379,thioredoxin peroxidase activity,molecular_function,MF,REVIEW,Metabolism,NA,Metabolism,Biosynthesis
GO:0009579,thylakoid,cellular_component,CC,Metabolism,Metabolism,NA,Metabolism,Photosynthesis
GO:0009407,toxin catabolic process,biological_process,BP,Metabolism,Metabolism,NA,Metabolism,Biosynthesis
GO:0016710,trans-cinnamate 4-monooxygenase activity,molecular_function,MF,REVIEW,Metabolism,NA,Metabolism,Biosynthesis
GO:0008483,transaminase activity,molecular_function,MF,REVIEW,Metabolism,NA,Metabolism,Biosynthesis
GO:0031564,transcription antitermination,biological_process,BP,Growth,Metabolism,NA,Metabolism,Biosynthesis
GO:0000976,transcription cis-regulatory region binding,molecular_function,MF,Growth,Metabolism,NA,Metabolism,Biosynthesis
GO:0016765,"transferase activity, transferring alkyl or aryl (other than methyl) groups",molecular_function,MF,REVIEW,Metabolism,NA,Metabolism,Biosynthesis
GO:0046914,transition metal ion binding,molecular_function,MF,REVIEW,Metabolism,NA,Metabolism,Biosynthesis
GO:0000041,transition metal ion transport,biological_process,BP,REVIEW,Metabolism,NA,Metabolism,Biosynthesis
GO:0003747,translation release factor activity,molecular_function,MF,Growth,Growth,NA,Growth,Growth
GO:0006415,translational termination,biological_process,BP,Growth,Growth,NA,Growth,Growth
GO:0005992,trehalose biosynthetic process,biological_process,BP,Metabolism,Metabolism,NA,Metabolism,Biosynthesis
GO:0004805,trehalose-phosphatase activity,molecular_function,MF,REVIEW,Metabolism,NA,Metabolism,Biosynthesis
GO:0004806,triacylglycerol lipase activity,molecular_function,MF,REVIEW,Metabolism,NA,Metabolism,Biosynthesis
GO:0042937,tripeptide transmembrane transporter activity,molecular_function,MF,REVIEW,Metabolism,NA,Metabolism,Biosynthesis
GO:0042939,tripeptide transport,biological_process,BP,REVIEW,Metabolism,NA,Metabolism,Biosynthesis
GO:0006568,tryptophan metabolic process,biological_process,BP,Metabolism,Metabolism,NA,Metabolism,Biosynthesis
GO:0004834,tryptophan synthase activity,molecular_function,MF,REVIEW,Metabolism,NA,Metabolism,Biosynthesis
GO:0006437,tyrosyl-tRNA aminoacylation,biological_process,BP,REVIEW,Metabolism,NA,Metabolism,Biosynthesis
GO:0004845,uracil phosphoribosyltransferase activity,molecular_function,MF,REVIEW,Metabolism,NA,Metabolism,Biosynthesis
GO:0006223,uracil salvage,biological_process,BP,REVIEW,Metabolism,NA,Metabolism,Biosynthesis
GO:0046422,violaxanthin de-epoxidase activity,molecular_function,MF,REVIEW,Metabolism,NA,Metabolism,Biosynthesis
GO:1990961,xenobiotic detoxification by transmembrane export across the plasma membrane,biological_process,BP,Defense,Defense,NA,Stress Response,Stress Response
GO:0042910,xenobiotic transmembrane transporter activity,molecular_function,MF,REVIEW,Defense,NA,Stress Response,Stress Response
GO:0042908,xenobiotic transport,biological_process,BP,REVIEW,Defense,NA,Stress Response,Stress Response
GO:0045493,xylan catabolic process,biological_process,BP,Metabolism,Metabolism,NA,Metabolism,Biosynthesis
GO:0010411,xyloglucan metabolic process,biological_process,BP,Metabolism,Metabolism,NA,Metabolism,Biosynthesis
GO:0016762,xyloglucan:xyloglucosyl transferase activity,molecular_function,MF,REVIEW,Metabolism,NA,Metabolism,Biosynthesis
GO:0071577,zinc ion transmembrane transport,biological_process,BP,REVIEW,Metabolism,NA,Metabolism,Biosynthesis
GO:0005385,zinc ion transmembrane transporter activity,molecular_function,MF,REVIEW,Metabolism,NA,Metabolism,Biosynthesis
